"AnimalID","GroupID","Location","TrappingPeriod","DateofCapture","CaptureStart","GroupSize","Sex","weight","firstcapturedate","Time.days","Time.years","statecode","BodyLength"
"KR10F005","Kuruman 10","KRR",4,2015-10-08,"07/10/2015",5,"Female",111,"28/07/2014",437,1.196440794,"femalenonbreeder",16.65
"KR10F005","Kuruman 10","KRR",5,2016-04-26,"25/04/2016",10,"Female",113,"28/07/2014",638,1.746748802,"femalenonbreeder",16.8
"KR10F022","Kuruman 10","KRR",10,2018-10-04,"02/10/2018",16,"Female",124,"20/08/2017",410,1.122518823,"femalenonbreeder",18
"KR10F022","Kuruman 10","KRR",12,2019-09-09,"09/09/2019",19,"Female",112,"20/08/2017",750,2.05338809,"femalenonbreeder",18.1
"KR10F022","Kuruman 10","KRR",13,2020-03-09,"08/03/2020",16,"Female",130,"20/08/2017",932,2.551676934,"femalenonbreeder",17.5
"KR10F024","Kuruman 10","KRR",9,2018-03-18,"17/03/2018",17,"Female",97,"21/08/2017",209,0.572210815,"femalenonbreeder",16.25
"KR10F024","Kuruman 10","KRR",11,2019-03-13,"12/03/2019",20,"Female",111,"21/08/2017",569,1.557837098,"femalenonbreeder",16.6
"KR10F024","Kuruman 10","KRR",12,2019-09-10,"09/09/2019",19,"Female",101,"21/08/2017",750,2.05338809,"femalenonbreeder",16.65
"KR10F024","Kuruman 10","KRR",13,2020-03-09,"08/03/2020",16,"Female",120,"21/08/2017",931,2.548939083,"femalenonbreeder",16.75
"KR11F001","Kuruman 11","KRR",1,2014-04-12,"12/04/2014",1,"Female",119,"12/04/2014",0,0,"single",17.65
"KR11F001","Kuruman 11","KRR",2,2014-09-13,"13/09/2014",1,"Female",134,"12/04/2014",154,0.421629021,"single",17.59
"KR11F001","Kuruman 11","KRR",3,2015-04-08,"07/04/2015",1,"Female",137,"12/04/2014",361,0.988364134,"single",17.55
"KR11F001","Kuruman 11","KRR",4,2015-10-07,"07/10/2015",1,"Female",135,"12/04/2014",543,1.486652977,"single",17.85
"KR11F001","Kuruman 11","KRR",5,2016-05-04,"02/05/2016",1,"Female",142,"12/04/2014",753,2.061601643,"single",17.4
"KR11F002","Kuruman 11","KRR",8,2017-08-19,"19/08/2017",11,"Female",94,"20/02/2017",180,0.492813142,"femalenonbreeder",16.6
"KR11F002","Kuruman 11","KRR",9,2018-03-18,"17/03/2018",15,"Female",119,"20/02/2017",391,1.070499658,"femalenonbreeder",17.35
"KR11F002","Kuruman 11","KRR",10,2018-10-03,"02/10/2018",16,"Female",119,"20/02/2017",590,1.615331964,"femalenonbreeder",17.9
"KR11F002","Kuruman 11","KRR",11,2019-03-14,"12/03/2019",22,"Female",133,"20/02/2017",752,2.058863792,"femalenonbreeder",18.05
"KR11F003","Kuruman 11","KRR",8,2017-08-19,"19/08/2017",11,"Female",116,"21/02/2017",179,0.490075291,"femalenonbreeder",17.3
"KR11F003","Kuruman 11","KRR",9,2018-03-19,"17/03/2018",15,"Female",133,"21/02/2017",391,1.070499658,"femalenonbreeder",18.15
"KR11F006","Kuruman 11","KRR",8,2017-08-19,"19/08/2017",11,"Female",92,"22/02/2017",178,0.48733744,"femalenonbreeder",16.5
"KR11F006","Kuruman 11","KRR",9,2018-03-17,"17/03/2018",15,"Female",112,"22/02/2017",388,1.062286105,"femalenonbreeder",17.75
"KR11F006","Kuruman 11","KRR",11,2019-03-13,"12/03/2019",22,"Female",142,"22/02/2017",749,2.05065024,"femalenonbreeder",18.1
"KR11F006","Kuruman 11","KRR",12,2019-09-23,"23/09/2019",20,"Female",121,"22/02/2017",943,2.581793292,"femalenonbreeder",18.1
"KR11F007","Kuruman 11","KRR",9,2018-03-18,"17/03/2018",15,"Female",98,"19/08/2017",211,0.577686516,"femalenonbreeder",16.8
"KR11F007","Kuruman 11","KRR",11,2019-03-13,"12/03/2019",22,"Female",128,"19/08/2017",571,1.563312799,"femalenonbreeder",18.5
"KR11F008","Kuruman 11","KRR",9,2018-03-18,"17/03/2018",15,"Female",107,"20/08/2017",210,0.574948665,"femalenonbreeder",17.55
"KR11F008","Kuruman 11","KRR",10,2018-10-04,"02/10/2018",16,"Female",121,"20/08/2017",410,1.122518823,"femalenonbreeder",17.5
"KR11F008","Kuruman 11","KRR",11,2019-03-13,"12/03/2019",22,"Female",122,"20/08/2017",570,1.560574949,"femalenonbreeder",17.65
"KR11F008","Kuruman 11","KRR",12,2019-09-25,"23/09/2019",20,"Female",111,"20/08/2017",766,2.097193703,"femalenonbreeder",17.15
"KR11F008","Kuruman 11","KRR",13,2020-04-01,"30/03/2020",17,"Female",104,"20/08/2017",955,2.614647502,"femalenonbreeder",17.45
"KR11F013","Kuruman 11","KRR",11,2019-03-13,"12/03/2019",22,"Female",92,"19/03/2018",359,0.982888433,"femalenonbreeder",16.7
"KR11F013","Kuruman 11","KRR",12,2019-09-26,"23/09/2019",20,"Female",79,"19/03/2018",556,1.522245038,"femalenonbreeder",16.95
"KR11F015","Kuruman 11","KRR",10,2018-10-02,"02/10/2018",16,"Female",91,"20/03/2018",196,0.536618754,"femalenonbreeder",16.2
"KR11F015","Kuruman 11","KRR",11,2019-03-14,"12/03/2019",22,"Female",115,"20/03/2018",359,0.982888433,"femalenonbreeder",16.75
"KR11F015","Kuruman 11","KRR",12,2019-09-24,"23/09/2019",20,"Female",99,"20/03/2018",553,1.514031485,"femalenonbreeder",16.75
"KR11F015","Kuruman 11","KRR",13,2020-03-31,"30/03/2020",17,"Female",104,"20/03/2018",742,2.031485284,"femalenonbreeder",16.7
"KR11F016","Kuruman 11","KRR",13,2020-04-01,"30/03/2020",17,"Female",85,"03/10/2018",546,1.49486653,"femalenonbreeder",17.1
"KR11M012","Kuruman 11","KRR",11,2019-03-13,"12/03/2019",22,"Female",100,"18/03/2018",360,0.985626283,"femalenonbreeder",16.25
"KR11M012","Kuruman 11","KRR",12,2019-09-25,"23/09/2019",20,"Female",90,"18/03/2018",556,1.522245038,"femalenonbreeder",16.15
"KR13F002","Kuruman 13","KRR",1,2014-01-22,"22/01/2014",26,"Female",99,"22/01/2014",0,0,"femalenonbreeder",17.6
"KR13F002","Kuruman 13","KRR",2,2014-08-06,"05/08/2014",21,"Female",103,"22/01/2014",196,0.536618754,"femalenonbreeder",18.2
"KR13F002","Kuruman 13","KRR",3,2015-02-10,"10/02/2015",23,"Female",113,"22/01/2014",384,1.051334702,"femalenonbreeder",18.6
"KR13F002","Kuruman 16","KRR",5,2016-05-30,"30/05/2016",1,"Female",139,"22/01/2014",859,2.351813826,"single",19.05
"KR13F006","Kuruman 13","KRR",1,2014-01-23,"22/01/2014",26,"Female",108,"23/01/2014",0,0,"femalenonbreeder",17.15
"KR13F006","Kuruman 13","KRR",2,2014-08-06,"05/08/2014",21,"Female",105,"23/01/2014",195,0.533880903,"femalenonbreeder",17.1
"KR13F006","Kuruman 13","KRR",4,2015-09-20,"20/09/2015",22,"Female",138,"23/01/2014",605,1.656399726,"femalenonbreeder",18.6
"KR13F006","Kuruman 27","KRR",5,2016-04-13,"12/04/2016",1,"Female",128,"23/01/2014",811,2.220396988,"single",18.3
"KR13F007","Kuruman 13","KRR",1,2014-01-23,"22/01/2014",26,"Female",120,"23/01/2014",0,0,"femalenonbreeder",17.95
"KR13F016","Kuruman 13","KRR",1,2014-01-24,"22/01/2014",26,"Female",95,"24/01/2014",0,0,"femalenonbreeder",16.6
"KR13F016","Kuruman 13","KRR",2,2014-08-06,"05/08/2014",21,"Female",118,"24/01/2014",194,0.531143053,"femalenonbreeder",17.4
"KR13F016","Kuruman 23","KRR",4,2015-09-27,"27/09/2015",1,"Female",144,"24/01/2014",611,1.672826831,"single",18.6
"KR13F016","Kuruman 23","KRR",5,2016-04-17,"17/04/2016",1,"Female",153,"24/01/2014",814,2.228610541,"single",18.45
"KR13F016","Kuruman 23","KRR",7,2017-01-17,"17/01/2017",1,"Female",156,"24/01/2014",1089,2.981519507,"single",19
"KR13F016","Kuruman 23","KRR",8,2017-08-02,"02/08/2017",1,"Female",152,"24/01/2014",1286,3.520876112,"single",19.65
"KR13F016","Kuruman 23","KRR",10,2018-09-24,"24/09/2018",1,"Female",156,"24/01/2014",1704,4.665297741,"single",19.45
"KR13F017","Kuruman 13","KRR",1,2014-01-24,"22/01/2014",26,"Female",111,"24/01/2014",0,0,"femalenonbreeder",17.6
"KR13F017","Kuruman 19","KRR",3,2015-03-30,"30/03/2015",1,"Female",125,"24/01/2014",430,1.177275838,"single",18.2
"KR13F017","Kuruman 19","KRR",4,2015-09-27,"27/09/2015",1,"Female",117,"24/01/2014",611,1.672826831,"single",17.95
"KR13F017","Kuruman 19","KRR",5,2016-03-17,"17/03/2016",1,"Female",127,"24/01/2014",783,2.143737166,"single",18.55
"KR13F018","Kuruman 13","KRR",1,2014-01-24,"22/01/2014",26,"Female",139,"24/01/2014",0,0,"femalenonbreeder",18.8
"KR13F019","Kuruman 13","KRR",2,2014-08-06,"05/08/2014",21,"Female",117,"25/01/2014",193,0.528405202,"femalenonbreeder",17.55
"KR13F019","Kuruman 13","KRR",3,2015-02-10,"10/02/2015",23,"Female",129,"25/01/2014",381,1.04312115,"femalenonbreeder",18.65
"KR13F019","Kuruman 13","KRR",4,2015-09-22,"20/09/2015",22,"Female",147,"25/01/2014",605,1.656399726,"femalenonbreeder",19.45
"KR13F020","Kuruman 13","KRR",2,2014-08-06,"05/08/2014",21,"Female",102,"25/01/2014",193,0.528405202,"femalenonbreeder",16.3
"KR13F020","Kuruman 13","KRR",3,2015-02-10,"10/02/2015",23,"Female",108,"25/01/2014",381,1.04312115,"femalenonbreeder",17.7
"KR13F021","Kuruman 30","KRR",6,2016-07-26,"26/07/2016",1,"Female",132,"26/01/2014",912,2.496919918,"single",17.95
"KR13F025","Kuruman 13","KRR",3,2015-02-11,"10/02/2015",23,"Female",88,"27/01/2014",380,1.040383299,"femalenonbreeder",16.6
"KR13F025","Kuruman 13","KRR",4,2015-09-20,"20/09/2015",22,"Female",112,"27/01/2014",601,1.645448323,"femalenonbreeder",17.5
"KR13F025","Kuruman 13","KRR",5,2016-04-12,"12/04/2016",24,"Female",111,"27/01/2014",806,2.206707734,"femalenonbreeder",17.5
"KR13F025","Kuruman 26","KRR",5,2016-05-30,"30/05/2016",1,"Female",116,"27/01/2014",854,2.338124572,"single",17.9
"KR13F028","Kuruman 13","KRR",4,2015-09-23,"20/09/2015",22,"Female",100,"08/08/2014",411,1.125256674,"femalenonbreeder",17.05
"KR13F034","Kuruman 13","KRR",5,2016-04-13,"12/04/2016",24,"Female",108,"12/02/2015",426,1.166324435,"femalenonbreeder",17.45
"KR13F035","Kuruman 13","KRR",5,2016-04-14,"12/04/2016",24,"Female",91,"12/02/2015",427,1.169062286,"femalenonbreeder",16.95
"KR13F037","Kuruman 15","KRR",6,2016-09-06,"05/09/2016",1,"Female",93,"13/02/2015",571,1.563312799,"single",16.4
"KR13F037","Kuruman 15","KRR",7,2017-03-08,"07/03/2017",1,"Female",109,"13/02/2015",754,2.064339493,"single",16.6
"KR13F037","Kuruman 15","KRR",8,2017-09-13,"12/09/2017",1,"Female",107,"13/02/2015",943,2.581793292,"single",17.3
"KR13F038","Kuruman 13","KRR",8,2017-08-15,"14/08/2017",2,"Female",156,"21/09/2015",694,1.900068446,"femalenonbreeder",19.8
"KR13F039","Kuruman 13","KRR",5,2016-04-13,"12/04/2016",24,"Female",92,"21/09/2015",205,0.561259411,"femalenonbreeder",16.5
"KR13F040","Kuruman 13","KRR",5,2016-04-12,"12/04/2016",24,"Female",98,"21/09/2015",204,0.558521561,"femalenonbreeder",16.8
"KR13F040","Kuruman 35","KRR",7,2017-05-02,"02/05/2017",1,"Female",111,"21/09/2015",589,1.612594114,"single",18
"KR13F040","Kuruman 35","KRR",8,2017-10-09,"09/10/2017",1,"Female",117,"21/09/2015",749,2.05065024,"single",18.3
"KR13F040","Kuruman 35","KRR",9,2018-03-23,"23/03/2018",1,"Female",121,"21/09/2015",914,2.502395619,"single",18.15
"KR13F040","Kuruman 35","KRR",10,2018-10-15,"15/10/2018",1,"Female",119,"21/09/2015",1120,3.066392882,"single",18.6
"KR13F042","Kuruman 13","KRR",5,2016-04-13,"12/04/2016",24,"Female",83,"22/09/2015",204,0.558521561,"femalenonbreeder",16.15
"KR13F050","Kuruman 13","KRR",7,2017-01-24,"23/01/2017",13,"Female",100,"14/04/2016",285,0.780287474,"femalenonbreeder",16.85
"KR13F050","Kuruman 40","KRR",10,2018-09-16,"15/09/2018",1,"Female",125,"14/04/2016",885,2.422997947,"single",17.95
"KR13F050","Kuruman 40","KRR",11,2019-04-12,"12/04/2019",1,"Female",137,"14/04/2016",1093,2.99247091,"single",18.35
"KR13F053","Kuruman 29","KRR",10,2018-09-15,"15/09/2018",1,"Female",132,"24/01/2017",599,1.639972621,"single",18.15
"KR13F053","Kuruman 29","KRR",12,2019-10-14,"14/10/2019",1,"Female",135,"24/01/2017",993,2.718685832,"single",18.2
"KR13F053","Kuruman 29","KRR",13,2020-04-06,"06/04/2020",1,"Female",132,"24/01/2017",1168,3.197809719,"single",18.35
"KR13F055","Kuruman 13","KRR",8,2017-08-16,"14/08/2017",2,"Female",103,"24/01/2017",204,0.558521561,"femalenonbreeder",17.6
"KR13F058","Kuruman 39","KRR",11,2019-03-20,"19/03/2019",5,"Female",104,"06/04/2018",348,0.952772074,"femalenonbreeder",16.85
"KR19F001","Kuruman 19","KRR",8,2017-08-03,"01/08/2017",7,"Female",83,"14/02/2017",170,0.465434634,"femalenonbreeder",16.4
"KR19F003","Kuruman 19","KRR",11,2019-03-28,"25/03/2019",9,"Female",93,"14/02/2017",772,2.113620808,"femalenonbreeder",16.25
"KR19F009","Kuruman 19","KRR",10,2018-11-14,"13/11/2018",6,"Female",103,"24/05/2018",174,0.476386037,"femalenonbreeder",17.35
"KR19F009","Kuruman 19","KRR",11,2019-03-27,"25/03/2019",9,"Female",110,"24/05/2018",307,0.840520192,"femalenonbreeder",17.25
"KR19F009","Kuruman 19","KRR",12,2019-11-18,"15/11/2019",12,"Female",113,"24/05/2018",543,1.486652977,"femalenonbreeder",18.15
"KR19F009","Kuruman 19","KRR",13,2020-04-28,"28/04/2020",10,"Female",104,"24/05/2018",705,1.930184805,"femalenonbreeder",17.5
"KR19F012","Kuruman 19","KRR",11,2019-03-28,"25/03/2019",9,"Female",85,"28/03/2019",0,0,"femalenonbreeder",16.4
"KR19F012","Kuruman 19","KRR",12,2019-11-18,"15/11/2019",12,"Female",94,"28/03/2019",235,0.643394935,"femalenonbreeder",17.05
"KR1F003","Kuruman 1","KRR",2,2014-07-28,"27/07/2014",10,"Female",88,"18/11/2013",252,0.689938398,"femalenonbreeder",16.15
"KR1F003","Kuruman 1","KRR",3,2015-02-16,"16/02/2015",10,"Female",107,"18/11/2013",455,1.245722108,"femalenonbreeder",17.2
"KR1F003","Kuruman 1","KRR",4,2015-10-15,"14/10/2015",7,"Female",146,"18/11/2013",696,1.905544148,"femalenonbreeder",18.4
"KR1F003","Kuruman 1","KRR",5,2016-04-26,"26/04/2016",9,"Female",144,"18/11/2013",890,2.436687201,"femalenonbreeder",18.55
"KR1F004","Kuruman 1","KRR",1,2013-11-18,"17/11/2013",18,"Female",106,"18/11/2013",0,0,"femalenonbreeder",16.7
"KR1F005","Kuruman 1","KRR",1,2013-11-18,"17/11/2013",18,"Female",106,"18/11/2013",0,0,"femalenonbreeder",17.2
"KR1F006","Kuruman 1","KRR",2,2014-07-27,"27/07/2014",10,"Female",112,"18/11/2013",251,0.687200548,"femalenonbreeder",16.95
"KR1F006","Kuruman 1","KRR",3,2015-02-16,"16/02/2015",10,"Female",127,"18/11/2013",455,1.245722108,"femalenonbreeder",17.5
"KR1F006","Kuruman 1","KRR",4,2015-10-16,"14/10/2015",7,"Female",156,"18/11/2013",697,1.908281999,"femalenonbreeder",18.65
"KR1F006","Kuruman 1","KRR",5,2016-04-27,"26/04/2016",9,"Female",162,"18/11/2013",891,2.439425051,"femalenonbreeder",18.5
"KR1F006","Kuruman 1","KRR",7,2017-05-03,"03/05/2017",4,"Female",169,"18/11/2013",1262,3.455167693,"femalenonbreeder",19.15
"KR1F006","Kuruman 1","KRR",8,2017-10-09,"09/10/2017",4,"Female",165,"18/11/2013",1421,3.890485969,"femalenonbreeder",19.25
"KR1F006","Kuruman 1","KRR",9,2018-03-23,"23/03/2018",4,"Female",168,"18/11/2013",1586,4.342231348,"femalenonbreeder",19
"KR1F011","Kuruman 1","KRR",1,2013-11-20,"17/11/2013",18,"Female",125,"20/11/2013",0,0,"femalenonbreeder",17.6
"KR1F012","Kuruman 1","KRR",3,2015-02-17,"16/02/2015",10,"Female",115,"20/11/2013",454,1.242984257,"femalenonbreeder",16.75
"KR1F014","Kuruman 1","KRR",1,2013-11-21,"17/11/2013",18,"Female",107,"21/11/2013",0,0,"femalenonbreeder",16.45
"KR1F014","Kuruman 22","KRR",4,2015-09-27,"27/09/2015",1,"Female",144,"21/11/2013",675,1.848049281,"single",18
"KR1F014","Kuruman 22","KRR",5,2016-03-17,"17/03/2016",1,"Female",142,"21/11/2013",847,2.318959617,"single",18.1
"KR1F014","Kuruman 22","KRR",7,2017-02-13,"13/02/2017",1,"Female",154,"21/11/2013",1180,3.230663929,"single",18.05
"KR1F015","Kuruman 1","KRR",3,2015-02-17,"16/02/2015",10,"Female",106,"22/11/2013",452,1.237508556,"femalenonbreeder",16.8
"KR1F015","Kuruman 24","KRR",4,2015-10-16,"14/10/2015",1,"Female",102,"22/11/2013",693,1.897330595,"single",16.7
"KR1F015","Kuruman 24","KRR",5,2016-05-03,"02/05/2016",1,"Female",115,"22/11/2013",893,2.444900753,"single",16.95
"KR1F018","Kuruman 1","KRR",4,2015-10-15,"14/10/2015",7,"Female",144,"27/07/2014",445,1.2183436,"femalenonbreeder",18.6
"KR1F018","Kuruman 1","KRR",5,2016-04-27,"26/04/2016",9,"Female",148,"27/07/2014",640,1.752224504,"femalenonbreeder",18.8
"KR1F019","Kuruman 1","KRR",4,2015-10-15,"14/10/2015",7,"Female",127,"28/07/2014",444,1.215605749,"femalenonbreeder",17.65
"KR1F019","Kuruman 1","KRR",5,2016-04-27,"26/04/2016",9,"Female",119,"28/07/2014",639,1.749486653,"femalenonbreeder",17.7
"KR1F022","Kuruman 1","KRR",8,2017-10-09,"09/10/2017",4,"Female",112,"03/05/2017",159,0.435318275,"femalenonbreeder",17.2
"KR1F022","Kuruman 1","KRR",9,2018-03-23,"23/03/2018",4,"Female",134,"03/05/2017",324,0.887063655,"femalenonbreeder",17.4
"KR20F007","Kuruman 20","KRR",10,2018-09-23,"21/09/2018",14,"Female",104,"02/08/2017",417,1.141683778,"femalenonbreeder",17.4
"KR20F009","Kuruman 51","KRR",13,2020-03-24,"23/03/2020",1,"Female",112,"13/05/2018",681,1.864476386,"single",17.25
"KR20F011","Kuruman 20","KRR",10,2018-09-22,"21/09/2018",14,"Female",99,"12/05/2018",133,0.364134155,"femalenonbreeder",17.4
"KR20F011","Kuruman 20","KRR",11,2019-03-26,"25/03/2019",17,"Female",115,"12/05/2018",318,0.87063655,"femalenonbreeder",17.05
"KR20F012","Kuruman 20","KRR",11,2019-03-25,"25/03/2019",17,"Female",93,"12/05/2018",317,0.8678987,"femalenonbreeder",16.4
"KR20F012","Kuruman 20","KRR",13,2020-04-06,"06/04/2020",19,"Female",124,"12/05/2018",695,1.902806297,"femalenonbreeder",17.75
"KR20F013","Kuruman 20","KRR",10,2018-09-21,"21/09/2018",14,"Female",78,"09/05/2018",135,0.369609856,"femalenonbreeder",16.3
"KR20F013","Kuruman 20","KRR",11,2019-03-26,"25/03/2019",17,"Female",100,"09/05/2018",321,0.878850103,"femalenonbreeder",16.75
"KR20F015","Kuruman 20","KRR",13,2020-04-07,"06/04/2020",19,"Female",105,"26/03/2019",378,1.034907598,"femalenonbreeder",16.5
"KR20F018","Kuruman 20","KRR",13,2020-04-06,"06/04/2020",19,"Female",105,"28/03/2019",375,1.026694045,"femalenonbreeder",16.3
"KR21F001","Kuruman 21","KRR",3,2015-02-27,"27/02/2015",1,"Female",104,"27/02/2015",0,0,"single",17.4
"KR21F001","Kuruman 21","KRR",4,2015-10-11,"11/10/2015",1,"Female",109,"27/02/2015",226,0.618754278,"single",17.5
"KR21F001","Kuruman 21","KRR",5,2016-04-17,"17/04/2016",1,"Female",108,"27/02/2015",415,1.136208077,"single",17.1
"KR21F001","Kuruman 21","KRR",7,2017-01-16,"16/01/2017",1,"Female",115,"27/02/2015",689,1.886379192,"single",17.5
"KR21F001","Kuruman 21","KRR",8,2017-07-31,"31/07/2017",1,"Female",113,"27/02/2015",885,2.422997947,"single",17.95
"KR21F001","Kuruman 21","KRR",9,2018-04-25,"25/04/2018",1,"Female",113,"27/02/2015",1153,3.156741958,"single",17.4
"KR21F001","Kuruman 21","KRR",10,2018-10-01,"30/09/2018",1,"Female",106,"27/02/2015",1312,3.592060233,"single",17.45
"KR21F001","Kuruman 21","KRR",11,2019-03-21,"21/03/2019",1,"Female",102,"27/02/2015",1483,4.060232717,"single",17.5
"KR21F001","Kuruman 21","KRR",13,2020-03-06,"05/03/2020",1,"Female",108,"27/02/2015",1834,5.021218344,"single",17.1
"KR24F002","Kuruman 24","KRR",9,2018-03-25,"24/03/2018",4,"Female",103,"25/03/2018",0,0,"femalenonbreeder",17.05
"KR24F002","Kuruman 24","KRR",12,2019-09-23,"23/09/2019",3,"Female",105,"25/03/2018",547,1.497604381,"femalenonbreeder",17.8
"KR24F002","Kuruman 24","KRR",13,2020-03-30,"30/03/2020",3,"Female",123,"25/03/2018",736,2.015058179,"femalenonbreeder",18.05
"KR26F002","Kuruman 26","KRR",8,2017-08-08,"07/08/2017",9,"Female",80,"30/01/2017",190,0.52019165,"femalenonbreeder",16.4
"KR26F011","Kuruman 26","KRR",12,2019-10-17,"17/10/2019",13,"Female",108,"30/03/2018",566,1.549623546,"femalenonbreeder",17.35
"KR26F011","Kuruman 26","KRR",13,2020-05-04,"04/05/2020",11,"Female",116,"30/03/2018",766,2.097193703,"femalenonbreeder",17.35
"KR26F013","Kuruman 26","KRR",12,2019-10-17,"17/10/2019",13,"Female",118,"31/03/2018",565,1.546885695,"femalenonbreeder",18.45
"KR26F013","Kuruman 26","KRR",13,2020-05-04,"04/05/2020",11,"Female",135,"31/03/2018",765,2.094455852,"femalenonbreeder",18.6
"KR27F002","Kuruman 27","KRR",8,2017-08-08,"07/08/2017",12,"Female",107,"05/02/2017",184,0.503764545,"femalenonbreeder",17
"KR27F002","Kuruman 27","KRR",13,2020-05-06,"05/05/2020",8,"Female",150,"05/02/2017",1186,3.247091034,"femalenonbreeder",18.65
"KR27F003","Kuruman 27","KRR",8,2017-08-10,"07/08/2017",12,"Female",97,"06/02/2017",185,0.506502396,"femalenonbreeder",16.75
"KR27F008","Kuruman 27","KRR",8,2017-08-08,"07/08/2017",12,"Female",92,"06/02/2017",183,0.501026694,"femalenonbreeder",16.5
"KR27F012","Kuruman 27","KRR",12,2019-09-16,"16/09/2019",6,"Female",111,"07/04/2018",527,1.442847365,"femalenonbreeder",17.45
"KR27F013","Kuruman 27","KRR",12,2019-09-17,"16/09/2019",6,"Female",107,"06/04/2018",529,1.448323066,"femalenonbreeder",16.95
"KR27F013","Kuruman 27","KRR",13,2020-05-06,"05/05/2020",8,"Female",92,"06/04/2018",761,2.083504449,"femalenonbreeder",16.7
"KR27F021","Kuruman 27","KRR",13,2020-05-06,"05/05/2020",8,"Female",93,"06/05/2020",0,0,"femalenonbreeder",16.15
"KR28F003","Kuruman 28","KRR",9,2018-04-22,"20/04/2018",8,"Female",99,"21/10/2017",183,0.501026694,"femalenonbreeder",16.1
"KR28F003","Kuruman 28","KRR",10,2018-09-18,"15/09/2018",9,"Female",111,"21/10/2017",332,0.908966461,"femalenonbreeder",17.55
"KR28F003","Kuruman 28","KRR",11,2019-03-20,"19/03/2019",11,"Female",119,"21/10/2017",515,1.409993155,"femalenonbreeder",17.85
"KR28F006","Kuruman 28","KRR",13,2020-03-17,"16/03/2020",13,"Female",128,"22/04/2018",695,1.902806297,"femalenonbreeder",18.45
"KR28F009","Kuruman 28","KRR",13,2020-03-17,"16/03/2020",13,"Female",134,"16/09/2018",548,1.500342231,"femalenonbreeder",18.2
"KR2F001","Kuruman 2","KRR",1,2014-01-31,"29/01/2014",1,"Female",169,"31/01/2014",0,0,"single",19.15
"KR2F001","Kuruman 2","KRR",2,2014-07-27,"27/07/2014",1,"Female",151,"31/01/2014",177,0.484599589,"single",19.05
"KR2F001","Kuruman 2","KRR",3,2015-02-17,"16/02/2015",1,"Female",158,"31/01/2014",382,1.045859001,"single",19.1
"KR2F001","Kuruman 2","KRR",4,2015-10-15,"15/10/2015",1,"Female",169,"31/01/2014",622,1.70294319,"single",19.1
"KR31F001","Kuruman 31","KRR",5,2016-05-05,"04/05/2016",1,"Female",94,"05/05/2016",0,0,"single",16.6
"KR31F004","Kuruman 48","KRR",12,2019-10-23,"22/10/2019",1,"Female",144,"19/10/2017",734,2.009582478,"single",18.6
"KR31F004","Kuruman 48","KRR",13,2020-03-27,"26/03/2020",1,"Female",146,"19/10/2017",890,2.436687201,"single",19.1
"KR31F008","Kuruman 31","KRR",13,2020-04-20,"20/04/2020",17,"Female",88,"24/11/2019",148,0.405201916,"femalenonbreeder",16.75
"KR31F009","Kuruman 31","KRR",12,2019-11-24,"23/11/2019",13,"Female",102,"24/11/2019",0,0,"femalenonbreeder",17.55
"KR31F009","Kuruman 31","KRR",13,2020-04-21,"20/04/2020",17,"Female",120,"24/11/2019",149,0.407939767,"femalenonbreeder",17.7
"KR31F011","Kuruman 31","KRR",12,2019-11-24,"23/11/2019",13,"Female",105,"24/11/2019",0,0,"femalenonbreeder",17.4
"KR31F011","Kuruman 31","KRR",13,2020-04-21,"20/04/2020",17,"Female",119,"24/11/2019",149,0.407939767,"femalenonbreeder",17.55
"KR31F012","Kuruman 31","KRR",12,2019-11-25,"23/11/2019",13,"Female",124,"25/11/2019",0,0,"femalenonbreeder",18.15
"KR31F012","Kuruman 31","KRR",13,2020-04-20,"20/04/2020",17,"Female",117,"25/11/2019",147,0.402464066,"femalenonbreeder",17.65
"KR31F016","Kuruman 31","KRR",12,2019-11-25,"23/11/2019",13,"Female",139,"25/11/2019",0,0,"femalenonbreeder",18.8
"KR31F016","Kuruman 31","KRR",13,2020-04-20,"20/04/2020",17,"Female",133,"25/11/2019",147,0.402464066,"femalenonbreeder",19
"KR31F017","Kuruman 31","KRR",13,2020-04-20,"20/04/2020",17,"Female",89,"26/11/2019",146,0.399726215,"femalenonbreeder",16.15
"KR32F001","Kuruman 32","KRR",7,2017-01-23,"23/01/2017",1,"Female",119,"23/01/2017",0,0,"single",18
"KR33F001","Kuruman 33","KRR",11,2019-04-18,"15/04/2019",7,"Female",95,"13/09/2017",582,1.593429158,"femalenonbreeder",16.45
"KR33F001","Kuruman 33","KRR",12,2019-10-08,"07/10/2019",7,"Female",93,"13/09/2017",755,2.067077344,"femalenonbreeder",16.3
"KR33F003","Kuruman 33","KRR",11,2019-04-16,"15/04/2019",7,"Female",91,"16/10/2018",182,0.498288843,"femalenonbreeder",16.65
"KR36F003","Kuruman 36","KRR",8,2017-10-10,"09/10/2017",14,"Female",93,"08/05/2017",155,0.424366872,"femalenonbreeder",16.75
"KR36F003","Kuruman 36","KRR",10,2018-10-14,"13/10/2018",12,"Female",122,"08/05/2017",524,1.434633812,"femalenonbreeder",17.45
"KR36F003","Kuruman 36","KRR",11,2019-04-16,"15/04/2019",15,"Female",139,"08/05/2017",708,1.938398357,"femalenonbreeder",18.15
"KR36F004","Kuruman 36","KRR",8,2017-10-09,"09/10/2017",14,"Female",97,"08/05/2017",154,0.421629021,"femalenonbreeder",16.25
"KR36F004","Kuruman 36","KRR",9,2018-04-19,"17/04/2018",9,"Female",116,"08/05/2017",346,0.947296372,"femalenonbreeder",17
"KR36F006","Kuruman 36","KRR",7,2017-05-09,"08/05/2017",14,"Female",89,"09/05/2017",0,0,"femalenonbreeder",16.45
"KR36F006","Kuruman 36","KRR",8,2017-10-09,"09/10/2017",14,"Female",102,"09/05/2017",153,0.41889117,"femalenonbreeder",17
"KR36F006","Kuruman 36","KRR",9,2018-04-20,"17/04/2018",9,"Female",121,"09/05/2017",346,0.947296372,"femalenonbreeder",17.05
"KR36F008","Kuruman 36","KRR",7,2017-05-09,"08/05/2017",14,"Female",97,"09/05/2017",0,0,"femalenonbreeder",17.5
"KR36F008","Kuruman 36","KRR",8,2017-10-10,"09/10/2017",14,"Female",114,"09/05/2017",154,0.421629021,"femalenonbreeder",17.75
"KR36F009","Kuruman 36","KRR",7,2017-05-09,"08/05/2017",14,"Female",101,"09/05/2017",0,0,"femalenonbreeder",17.25
"KR36F009","Kuruman 36","KRR",8,2017-10-09,"09/10/2017",14,"Female",121,"09/05/2017",153,0.41889117,"femalenonbreeder",18.05
"KR36F010","Kuruman 36","KRR",9,2018-04-20,"17/04/2018",9,"Female",90,"09/05/2017",346,0.947296372,"femalenonbreeder",17.15
"KR36F010","Kuruman 36","KRR",10,2018-10-14,"13/10/2018",12,"Female",109,"09/05/2017",523,1.431895962,"femalenonbreeder",17.55
"KR36F010","Kuruman 36","KRR",12,2019-10-31,"28/10/2019",4,"Female",113,"09/05/2017",905,2.477754962,"femalenonbreeder",17.75
"KR36F010","Kuruman 36","KRR",13,2020-05-11,"11/05/2020",8,"Female",115,"09/05/2017",1098,3.006160164,"femalenonbreeder",17.6
"KR36F012","Kuruman 36","KRR",7,2017-05-10,"08/05/2017",14,"Female",149,"10/05/2017",0,0,"femalenonbreeder",19
"KR36F012","Kuruman 36","KRR",8,2017-10-10,"09/10/2017",14,"Female",154,"10/05/2017",153,0.41889117,"femalenonbreeder",19.1
"KR36F012","Kuruman 36","KRR",11,2019-04-16,"15/04/2019",15,"Female",184,"10/05/2017",706,1.932922656,"femalenonbreeder",19.1
"KR36F018","Kuruman 36","KRR",11,2019-04-15,"15/04/2019",15,"Female",110,"13/10/2018",184,0.503764545,"femalenonbreeder",16.95
"KR36F018","Kuruman 36","KRR",12,2019-10-31,"28/10/2019",4,"Female",114,"13/10/2018",383,1.048596851,"femalenonbreeder",17.15
"KR36F018","Kuruman 36","KRR",13,2020-05-11,"11/05/2020",8,"Female",125,"13/10/2018",576,1.577002053,"femalenonbreeder",17.65
"KR36F019","Kuruman 36","KRR",11,2019-04-15,"15/04/2019",15,"Female",98,"14/10/2018",183,0.501026694,"femalenonbreeder",16.7
"KR36F019","Kuruman 36","KRR",12,2019-10-31,"28/10/2019",4,"Female",98,"14/10/2018",382,1.045859001,"femalenonbreeder",17.05
"KR36F019","Kuruman 36","KRR",13,2020-05-12,"11/05/2020",8,"Female",110,"14/10/2018",576,1.577002053,"femalenonbreeder",16.9
"KR36F020","Kuruman 36","KRR",10,2018-10-14,"13/10/2018",12,"Female",113,"14/10/2018",0,0,"femalenonbreeder",17.3
"KR36F020","Kuruman 36","KRR",11,2019-04-15,"15/04/2019",15,"Female",143,"14/10/2018",183,0.501026694,"femalenonbreeder",18.2
"KR36F023","Kuruman 36","KRR",13,2020-05-11,"11/05/2020",8,"Female",88,"16/04/2019",391,1.070499658,"femalenonbreeder",16.1
"KR3F001","Kuruman 3","KRR",1,2013-12-30,"28/12/2013",1,"Female",120,"30/12/2013",0,0,"single",17.7
"KR42F001","Kuruman 42","KRR",13,2020-03-14,"08/03/2020",7,"Female",103,"17/10/2018",514,1.407255305,"femalenonbreeder",16.25
"KR42F005","Kuruman 42","KRR",13,2020-03-10,"08/03/2020",7,"Female",88,"09/10/2019",153,0.41889117,"femalenonbreeder",16.6
"KR43F002","Kuruman 43","KRR",12,2019-09-16,"16/09/2019",7,"Female",96,"27/11/2018",293,0.802190281,"femalenonbreeder",16.95
"KR43F002","Kuruman 43","KRR",13,2020-03-16,"16/03/2020",10,"Female",110,"27/11/2018",475,1.300479124,"femalenonbreeder",17.4
"KR45F001","Kuruman 45","KRR",11,2019-04-01,"01/04/2019",1,"Female",109,"01/04/2019",0,0,"single",17.25
"KR46F001","Kuruman 46","KRR",11,2019-04-03,"02/04/2019",1,"Female",119,"03/04/2019",0,0,"single",16.95
"KR46F001","Kuruman 46","KRR",13,2020-05-20,"20/05/2020",1,"Female",128,"03/04/2019",413,1.130732375,"single",17.35
"KR47F001","Kuruman 47","KRR",12,2019-10-21,"21/10/2019",1,"Female",116,"21/10/2019",0,0,"single",17.75
"KR47F001","Kuruman 47","KRR",13,2020-03-26,"26/03/2020",1,"Female",127,"21/10/2019",157,0.429842574,"single",17.55
"KR49F003","Kuruman 49","KRR",12,2019-10-28,"28/10/2019",17,"Female",117,"28/10/2019",0,0,"femalenonbreeder",18.3
"KR49F005","Kuruman 49","KRR",12,2019-10-28,"28/10/2019",17,"Female",109,"28/10/2019",0,0,"femalenonbreeder",17.4
"KR49F006","Kuruman 49","KRR",12,2019-10-28,"28/10/2019",17,"Female",111,"28/10/2019",0,0,"femalenonbreeder",17.4
"KR49F012","Kuruman 49","KRR",12,2019-10-29,"28/10/2019",17,"Female",107,"29/10/2019",0,0,"femalenonbreeder",16.95
"KR49F013","Kuruman 49","KRR",12,2019-10-29,"28/10/2019",17,"Female",100,"29/10/2019",0,0,"femalenonbreeder",17.75
"KR49M014","Kuruman 49","KRR",13,2020-05-20,"19/05/2020",13,"Female",99,"29/10/2019",204,0.558521561,"femalenonbreeder",16.65
"KR50F001","Kuruman 50","KRR",13,2020-03-24,"23/03/2020",1,"Female",124,"24/03/2020",0,0,"single",17.55
"KR52F001","Kuruman 52","KRR",13,2020-04-06,"06/04/2020",1,"Female",129,"06/04/2020",0,0,"single",18.35
"KR7F004","Kuruman 7","KRR",1,2013-12-04,"03/12/2013",17,"Female",110,"04/12/2013",0,0,"femalenonbreeder",17.55
"KR7F006","Kuruman 7","KRR",3,2015-03-04,"03/03/2015",5,"Female",94,"05/12/2013",454,1.242984257,"femalenonbreeder",16.65
"KR7F007","Kuruman 7","KRR",1,2013-12-05,"03/12/2013",17,"Female",137,"05/12/2013",0,0,"femalenonbreeder",17.7
"KR7F007","Kuruman 7","KRR",2,2014-08-06,"06/08/2014",6,"Female",124,"05/12/2013",244,0.668035592,"femalenonbreeder",17.55
"KR7F007","Kuruman 7","KRR",3,2015-03-04,"03/03/2015",5,"Female",125,"05/12/2013",454,1.242984257,"femalenonbreeder",18.05
"KR7F007","Kuruman 7","KRR",5,2016-02-16,"16/02/2016",2,"Female",138,"05/12/2013",803,2.198494182,"femalenonbreeder",18.35
"KR7F007","Kuruman 7","KRR",6,2016-09-05,"05/09/2016",1,"Female",135,"05/12/2013",1005,2.751540041,"single",18.25
"KR7F007","Kuruman 7","KRR",7,2017-02-07,"06/02/2017",1,"Female",131,"05/12/2013",1160,3.175906913,"single",18.1
"KR7F007","Kuruman 7","KRR",8,2017-08-14,"14/08/2017",1,"Female",132,"05/12/2013",1348,3.690622861,"single",18.55
"KR7F008","Kuruman 7","KRR",1,2013-12-05,"03/12/2013",17,"Female",98,"05/12/2013",0,0,"femalenonbreeder",16.7
"KR7F011","Kuruman 7","KRR",1,2013-12-05,"03/12/2013",17,"Female",101,"05/12/2013",0,0,"femalenonbreeder",17.3
"KR7F012","Kuruman 7","KRR",3,2015-03-04,"03/03/2015",5,"Female",91,"06/12/2013",453,1.240246407,"femalenonbreeder",16.25
"KR7F012","Kuruman 7","KRR",5,2016-02-17,"16/02/2016",2,"Female",122,"06/12/2013",803,2.198494182,"femalenonbreeder",17.8
"KR7F015","Kuruman 7","KRR",1,2013-12-06,"03/12/2013",17,"Female",93,"06/12/2013",0,0,"femalenonbreeder",16.25
"KR7F015","Kuruman 7","KRR",2,2014-08-08,"06/08/2014",6,"Female",100,"06/12/2013",245,0.670773443,"femalenonbreeder",16.85
"KR7F017","Kuruman 7","KRR",1,2013-12-07,"03/12/2013",17,"Female",122,"07/12/2013",0,0,"femalenonbreeder",17.8
"KR7F019","Kuruman 7","KRR",12,2019-10-01,"30/09/2019",11,"Female",88,"14/11/2018",321,0.878850103,"femalenonbreeder",16.25
"KR7F020","Kuruman 7","KRR",12,2019-09-30,"30/09/2019",11,"Female",95,"10/03/2019",204,0.558521561,"femalenonbreeder",16.25
"KR7F020","Kuruman 7","KRR",13,2020-05-20,"20/05/2020",6,"Female",106,"10/03/2019",437,1.196440794,"femalenonbreeder",17.1
"KR8F001","Kuruman 8","KRR",1,2013-12-03,"03/12/2013",6,"Female",100,"03/12/2013",0,0,"femalenonbreeder",16.5
"KR8F002","Kuruman 8","KRR",1,2013-12-03,"03/12/2013",6,"Female",99,"03/12/2013",0,0,"femalenonbreeder",17.05
"KR8F002","Kuruman 8","KRR",2,2014-08-05,"05/08/2014",2,"Female",97,"03/12/2013",245,0.670773443,"femalenonbreeder",17.15
"KR8F002","Kuruman 8","KRR",3,2015-03-02,"01/03/2015",2,"Female",112,"03/12/2013",454,1.242984257,"femalenonbreeder",17.9
"KR8F002","Kuruman 8","KRR",4,2015-09-16,"16/09/2015",1,"Female",110,"03/12/2013",652,1.785078713,"single",18.0333333333333
"KR8F003","Kuruman 8","KRR",1,2013-12-03,"03/12/2013",6,"Female",113,"03/12/2013",0,0,"femalenonbreeder",17.3
"KR8F003","Kuruman 20","KRR",1,2014-05-14,"14/05/2014",1,"Female",137,"03/12/2013",162,0.443531828,"single",17.35
"KR8F003","Kuruman 20","KRR",2,2014-11-17,"17/11/2014",1,"Female",109,"03/12/2013",349,0.955509925,"single",17.35
"KR8F003","Kuruman 20","KRR",4,2015-10-12,"12/10/2015",1,"Female",111,"03/12/2013",678,1.856262834,"single",17.3
"KR8F003","Kuruman 20","KRR",5,2016-04-17,"17/04/2016",1,"Female",109,"03/12/2013",866,2.370978782,"single",17.2
"KR8F005","Kuruman 8","KRR",1,2013-12-05,"03/12/2013",6,"Female",123,"05/12/2013",0,0,"femalenonbreeder",17.7
"KR8F005","Kuruman 8","KRR",2,2014-08-06,"05/08/2014",2,"Female",123,"05/12/2013",244,0.668035592,"femalenonbreeder",17.7
"KR8F005","Kuruman 8","KRR",3,2015-03-02,"01/03/2015",2,"Female",141,"05/12/2013",452,1.237508556,"femalenonbreeder",18.45
"KR8F008","Kuruman 8","KRR",7,2017-02-07,"06/02/2017",12,"Female",124,"07/02/2017",0,0,"femalenonbreeder",17.7
"KR8F009","Kuruman 8","KRR",8,2017-08-16,"14/08/2017",11,"Female",105,"06/02/2017",191,0.5229295,"femalenonbreeder",16.65
"KR8F012","Kuruman 8","KRR",8,2017-08-14,"14/08/2017",11,"Female",94,"08/02/2017",187,0.511978097,"femalenonbreeder",16.6
"KR8F017","Kuruman 8","KRR",10,2018-11-05,"05/11/2018",16,"Female",118,"15/08/2017",447,1.223819302,"femalenonbreeder",17.7
"KR8F021","Kuruman 8","KRR",10,2018-11-06,"05/11/2018",16,"Female",102,"01/05/2018",189,0.517453799,"femalenonbreeder",16.75
"KR8F025","Kuruman 8","KRR",10,2018-11-05,"05/11/2018",16,"Female",100,"03/05/2018",186,0.509240246,"femalenonbreeder",16.7
"KR8F025","Kuruman 55","KRR",13,2020-05-06,"06/05/2020",1,"Female",118,"03/05/2018",734,2.009582478,"single",17.8
"KR8F027","Kuruman 8","KRR",12,2019-10-16,"15/10/2019",15,"Female",115,"06/11/2018",344,0.941820671,"femalenonbreeder",17.8
"KR8F027","Kuruman 8","KRR",13,2020-04-20,"20/04/2020",22,"Female",118,"06/11/2018",531,1.453798768,"femalenonbreeder",18.1
"KR8F030","Kuruman 8","KRR",12,2019-10-15,"15/10/2019",15,"Female",117,"10/03/2019",219,0.599589322,"femalenonbreeder",17.3
"KR8F030","Kuruman 8","KRR",13,2020-04-20,"20/04/2020",22,"Female",128,"10/03/2019",407,1.11430527,"femalenonbreeder",18.05
"KR8F031","Kuruman 8","KRR",12,2019-10-15,"15/10/2019",15,"Female",106,"10/03/2019",219,0.599589322,"femalenonbreeder",17.2
"KR8F031","Kuruman 8","KRR",13,2020-04-21,"20/04/2020",22,"Female",110,"10/03/2019",408,1.117043121,"femalenonbreeder",17
"KR8F033","Kuruman 8","KRR",13,2020-04-21,"20/04/2020",22,"Female",104,"16/10/2019",188,0.514715948,"femalenonbreeder",16.55
"L11F003","Lonely 11","Lonely",1,2013-09-23,"23/09/2013",25,"Female",111,"23/09/2013",0,0,"femalenonbreeder",17.9
"L11F003","Lonely 11","Lonely",2,2014-03-04,"01/03/2014",16,"Female",121,"23/09/2013",162,0.443531828,"femalenonbreeder",17.8
"L11F003","Lonely 11","Lonely",3,2014-09-21,"16/09/2014",9,"Female",156,"23/09/2013",363,0.993839836,"femalenonbreeder",19.3
"L11F004","Lonely 11","Lonely",2,2014-03-02,"01/03/2014",16,"Female",107,"23/09/2013",160,0.438056126,"femalenonbreeder",17.3
"L11F004","Lonely 11","Lonely",3,2014-09-17,"16/09/2014",9,"Female",135,"23/09/2013",359,0.982888433,"femalenonbreeder",18.5
"L11F004","Lonely 11","Lonely",4,2015-03-23,"23/03/2015",8,"Female",126,"23/09/2013",546,1.49486653,"femalenonbreeder",19.15
"L11F004","Lonely 11","Lonely",5,2016-05-02,"02/05/2016",7,"Female",144,"23/09/2013",952,2.606433949,"femalenonbreeder",19.7
"L11F006","Lonely 11","Lonely",1,2013-09-23,"23/09/2013",25,"Female",141,"23/09/2013",0,0,"femalenonbreeder",18.85
"L11F009","Lonely 11","Lonely",1,2013-09-23,"23/09/2013",25,"Female",82,"23/09/2013",0,0,"femalenonbreeder",16.65
"L11F009","Lonely 11","Lonely",2,2014-03-03,"01/03/2014",16,"Female",96,"23/09/2013",161,0.440793977,"femalenonbreeder",16.6
"L11F011","Lonely 11","Lonely",1,2013-09-24,"23/09/2013",25,"Female",126,"24/09/2013",0,0,"femalenonbreeder",18.55
"L11F014","Lonely 11","Lonely",1,2013-09-24,"23/09/2013",25,"Female",120,"24/09/2013",0,0,"femalenonbreeder",18.15
"L11F014","Lonely 11","Lonely",2,2014-03-02,"01/03/2014",16,"Female",140,"24/09/2013",159,0.435318275,"femalenonbreeder",18.35
"L11F016","Lonely 11","Lonely",1,2013-09-24,"23/09/2013",25,"Female",91,"24/09/2013",0,0,"femalenonbreeder",16.3
"L11F016","Lonely 11","Lonely",2,2014-03-02,"01/03/2014",16,"Female",95,"24/09/2013",159,0.435318275,"femalenonbreeder",17
"L11F016","Lonely 11","Lonely",3,2014-09-18,"16/09/2014",9,"Female",123,"24/09/2013",359,0.982888433,"femalenonbreeder",18.55
"L11F019","Lonely 11","Lonely",2,2014-03-02,"01/03/2014",16,"Female",101,"24/09/2013",159,0.435318275,"femalenonbreeder",16.75
"L11F019","Lonely 11","Lonely",3,2014-09-20,"16/09/2014",9,"Female",128,"24/09/2013",361,0.988364134,"femalenonbreeder",18.75
"L11F019","Lonely 11","Lonely",4,2015-03-23,"23/03/2015",8,"Female",132,"24/09/2013",545,1.492128679,"femalenonbreeder",19.2
"L11F019","Lonely 11","Lonely",5,2016-05-02,"02/05/2016",7,"Female",139,"24/09/2013",951,2.603696099,"femalenonbreeder",20
"L11F020","Lonely 11","Lonely",1,2013-09-24,"23/09/2013",25,"Female",117,"24/09/2013",0,0,"femalenonbreeder",17.55
"L11F024","Lonely 11","Lonely",1,2013-09-25,"23/09/2013",25,"Female",90,"25/09/2013",0,0,"femalenonbreeder",16.55
"L11F024","Lonely 11","Lonely",2,2014-03-02,"01/03/2014",16,"Female",101,"25/09/2013",158,0.432580424,"femalenonbreeder",16.9
"L11F024","Lonely 11","Lonely",3,2014-09-19,"16/09/2014",9,"Female",128,"25/09/2013",359,0.982888433,"femalenonbreeder",19.355
"L12F001","Lonely 12","Lonely",1,2013-09-23,"23/09/2013",1,"Female",128,"23/09/2013",0,0,"single",18.2
"L13F001","Lonely 13","Lonely",1,2013-09-29,"29/09/2013",12,"Female",123,"29/09/2013",0,0,"femalenonbreeder",18.05
"L13F001","Lonely 13","Lonely",2,2014-03-02,"01/03/2014",10,"Female",142,"29/09/2013",154,0.421629021,"femalenonbreeder",18.45
"L13F002","Lonely 13","Lonely",1,2013-09-29,"29/09/2013",12,"Female",142,"29/09/2013",0,0,"femalenonbreeder",19.25
"L13F005","Kuruman 25","KRR",5,2016-02-04,"04/02/2016",1,"Female",129,"30/09/2013",857,2.346338125,"single",18.7
"L13F005","Kuruman 25","KRR",7,2017-01-16,"16/01/2017",1,"Female",127,"30/09/2013",1204,3.296372348,"single",18.3
"L13F005","Kuruman 25","KRR",8,2017-07-31,"31/07/2017",1,"Female",119,"30/09/2013",1400,3.832991102,"single",18.95
"L13F005","Kuruman 25","KRR",9,2018-04-25,"25/04/2018",1,"Female",119,"30/09/2013",1668,4.566735113,"single",18.65
"L13F005","Kuruman 25","KRR",11,2019-03-23,"21/03/2019",1,"Female",121,"30/09/2013",2000,5.475701574,"single",18.6
"L13F005","Kuruman 25","KRR",13,2020-03-05,"05/03/2020",1,"Female",114,"30/09/2013",2348,6.428473648,"single",18.75
"L13F006","Lonely 13","Lonely",1,2013-09-30,"29/09/2013",12,"Female",115,"30/09/2013",0,0,"femalenonbreeder",16.85
"L13F006","Lonely 13","Lonely",2,2014-03-01,"01/03/2014",10,"Female",123,"30/09/2013",152,0.41615332,"femalenonbreeder",17.5
"L13F008","Lonely 13","Lonely",1,2013-10-01,"29/09/2013",12,"Female",107,"01/10/2013",0,0,"femalenonbreeder",16.95
"L13F008","Lonely 13","Lonely",2,2014-03-03,"01/03/2014",10,"Female",115,"01/10/2013",153,0.41889117,"femalenonbreeder",17.5
"L13F009","Lonely 13","Lonely",1,2013-10-01,"29/09/2013",12,"Female",125,"01/10/2013",0,0,"femalenonbreeder",19
"L13F014","Lonely 13","Lonely",3,2014-09-16,"16/09/2014",8,"Female",124,"02/03/2014",198,0.542094456,"femalenonbreeder",16.4
"L13F014","Lonely 13","Lonely",4,2015-03-26,"26/03/2015",8,"Female",104,"02/03/2014",389,1.065023956,"femalenonbreeder",17.05
"L13F015","Lonely 13","Lonely",3,2014-09-17,"16/09/2014",8,"Female",93,"17/09/2014",0,0,"femalenonbreeder",17.05
"L13F015","Lonely 61","Lonely",4,2015-01-29,"29/01/2015",1,"Female",98,"17/09/2014",134,0.366872005,"single",16.9333333333333
"L13F015","Lonely 61","Lonely",5,2016-05-06,"05/05/2016",1,"Female",111,"17/09/2014",597,1.63449692,"single",17.8
"L13F020","Lonely 19","Lonely",6,2016-10-06,"06/10/2016",1,"Female",102,"27/03/2015",559,1.53045859,"single",16.1
"L13F021","Lonely 13","Lonely",5,2016-02-23,"22/02/2016",12,"Female",100,"27/03/2015",333,0.911704312,"femalenonbreeder",16.4
"L13F029","Lonely 13","Lonely",6,2016-09-10,"10/09/2016",8,"Female",114,"24/02/2016",199,0.544832307,"femalenonbreeder",17.5
"L13F029","Lonely 13","Lonely",7,2017-06-05,"05/06/2017",10,"Female",124,"24/02/2016",467,1.278576318,"femalenonbreeder",18.55
"L13F030","Lonely 13","Lonely",7,2017-06-06,"05/06/2017",10,"Female",89,"10/09/2016",269,0.736481862,"femalenonbreeder",16.5
"L13F032","Lonely 13","Lonely",7,2017-06-06,"05/06/2017",10,"Female",109,"10/09/2016",269,0.736481862,"femalenonbreeder",16.95
"L13F033","Lonely 13","Lonely",7,2017-06-05,"05/06/2017",10,"Female",88,"10/09/2016",268,0.733744011,"femalenonbreeder",17.3
"L14F004","Lonely 14","Lonely",2,2014-03-03,"01/03/2014",13,"Female",111,"03/03/2014",0,0,"femalenonbreeder",16.7
"L14F004","Lonely 14","Lonely",3,2014-09-17,"16/09/2014",8,"Female",124,"03/03/2014",198,0.542094456,"femalenonbreeder",18.65
"L14F006","Lonely 14","Lonely",2,2014-03-03,"01/03/2014",13,"Female",103,"03/03/2014",0,0,"femalenonbreeder",16.35
"L14F006","Lonely 14","Lonely",3,2014-09-16,"16/09/2014",8,"Female",124,"03/03/2014",197,0.539356605,"femalenonbreeder",18.5
"L14F006","Lonely 63","Lonely",4,2015-03-23,"23/03/2015",1,"Female",130,"03/03/2014",385,1.054072553,"single",18.5
"L14F009","Lonely 14","Lonely",3,2014-09-16,"16/09/2014",8,"Female",94,"03/03/2014",197,0.539356605,"femalenonbreeder",16.65
"L14F009","Lonely 14","Lonely",4,2015-01-29,"29/01/2015",8,"Female",105,"03/03/2014",332,0.908966461,"femalenonbreeder",17.1333333333333
"L14F013","Lonely 14","Lonely",2,2014-03-03,"01/03/2014",13,"Female",119,"03/03/2014",0,0,"femalenonbreeder",17.75
"L14F016","Lonely 14","Lonely",5,2016-02-10,"08/02/2016",12,"Female",90,"30/01/2015",376,1.029431896,"femalenonbreeder",16.25
"L14F018","Lonely 14","Lonely",5,2016-02-09,"08/02/2016",12,"Female",107,"30/01/2015",375,1.026694045,"femalenonbreeder",17.7
"L14F020","Lonely 14","Lonely",5,2016-02-09,"08/02/2016",12,"Female",80,"09/02/2016",0,0,"femalenonbreeder",16.2
"L14F023","Lonely 14","Lonely",6,2016-09-09,"09/09/2016",9,"Female",92,"09/02/2016",213,0.583162218,"femalenonbreeder",16.6
"L14F023","Lonely 14","Lonely",7,2017-05-30,"30/05/2017",13,"Female",90,"09/02/2016",476,1.303216975,"femalenonbreeder",17.1
"L14F025","Lonely 14","Lonely",6,2016-09-09,"09/09/2016",9,"Female",101,"11/02/2016",211,0.577686516,"femalenonbreeder",17.6
"L14F025","Lonely 14","Lonely",7,2017-05-30,"30/05/2017",13,"Female",105,"11/02/2016",474,1.297741273,"femalenonbreeder",18.45
"L15F003","Lonely 15","Lonely",5,2016-02-26,"24/02/2016",7,"Female",102,"10/10/2014",504,1.379876797,"femalenonbreeder",16.65
"L15F005","Lonely 15","Lonely",6,2016-09-09,"09/09/2016",8,"Female",88,"25/02/2016",197,0.539356605,"femalenonbreeder",16.1
"L15F005","Lonely 15","Lonely",7,2017-06-05,"05/06/2017",10,"Female",101,"25/02/2016",466,1.275838467,"femalenonbreeder",17.6
"L15F006","Lonely 15","Lonely",7,2017-06-05,"05/06/2017",10,"Female",89,"27/02/2016",464,1.270362765,"femalenonbreeder",16.4
"L16F008","Lonely 16","Lonely",7,2017-06-27,"27/06/2017",12,"Female",97,"16/09/2016",284,0.777549624,"femalenonbreeder",16.85
"L16F009","Lonely 16","Lonely",7,2017-06-28,"27/06/2017",12,"Female",87,"16/09/2016",285,0.780287474,"femalenonbreeder",16.85
"L16F013","Lonely 16","Lonely",7,2017-06-28,"27/06/2017",12,"Female",82,"17/09/2016",284,0.777549624,"femalenonbreeder",16.3
"L17F001","Lonely 17","Lonely",2,2014-06-24,"23/06/2014",2,"Female",158,"24/06/2014",0,0,"femalenonbreeder",19
"L18F004","Lonely 18","Lonely",3,2014-09-30,"30/09/2014",9,"Female",87,"14/03/2014",200,0.547570157,"femalenonbreeder",16.5
"L18F007","Lonely 18","Lonely",3,2014-09-30,"30/09/2014",9,"Female",83,"14/03/2014",200,0.547570157,"femalenonbreeder",16.95
"L18F007","Lonely 18","Lonely",5,2016-03-01,"29/02/2016",5,"Female",109,"14/03/2014",718,1.965776865,"femalenonbreeder",17.5
"L18F008","Lonely 18","Lonely",3,2014-10-01,"30/09/2014",9,"Female",83,"14/03/2014",201,0.550308008,"femalenonbreeder",16.2
"L18F008","Lonely 18","Lonely",5,2016-03-04,"29/02/2016",5,"Female",97,"14/03/2014",721,1.973990418,"femalenonbreeder",17
"L18F008","Lonely 18","Lonely",6,2016-09-16,"16/09/2016",3,"Female",103,"14/03/2014",917,2.510609172,"femalenonbreeder",17.6
"L18F008","Lonely 18","Lonely",7,2017-06-27,"27/06/2017",7,"Female",101,"14/03/2014",1201,3.288158795,"femalenonbreeder",17.75
"L18F009","Lonely 18","Lonely",3,2014-10-01,"30/09/2014",9,"Female",85,"15/03/2014",200,0.547570157,"femalenonbreeder",16.7
"L18F010","Lonely 18","Lonely",2,2014-03-15,"11/03/2014",14,"Female",92,"15/03/2014",0,0,"femalenonbreeder",16.25
"L18F010","Lonely 18","Lonely",3,2014-09-30,"30/09/2014",9,"Female",97,"15/03/2014",199,0.544832307,"femalenonbreeder",16.5
"L18F014","Lonely 18","Lonely",2,2014-10-01,"30/09/2014",9,"Female",76,"18/03/2014",197,0.539356605,"femalenonbreeder",16.15
"L18F014","Lonely 18","Lonely",5,2016-03-01,"29/02/2016",5,"Female",100,"18/03/2014",714,1.954825462,"femalenonbreeder",17.4
"L18F014","Kuruman 14","KRR",5,2016-05-30,"30/05/2016",1,"Female",105,"18/03/2014",804,2.201232033,"single",18
"L18F014","Kuruman 14","KRR",7,2017-01-31,"30/01/2017",1,"Female",119,"18/03/2014",1050,2.874743326,"single",17.6
"L18F014","Kuruman 14","KRR",8,2017-08-09,"07/08/2017",1,"Female",107,"18/03/2014",1240,3.394934976,"single",18.2
"L20F001","Lonely 20","Lonely",6,2016-10-06,"06/10/2016",11,"Female",87,"06/10/2016",0,0,"femalenonbreeder",16.75
"L20F001","Lonely 20","Lonely",7,2017-07-21,"20/07/2017",10,"Female",101,"06/10/2016",288,0.788501027,"femalenonbreeder",17.7
"L20F003","Lonely 20","Lonely",6,2016-10-06,"06/10/2016",11,"Female",86,"06/10/2016",0,0,"femalenonbreeder",16.5
"L20F005","Lonely 20","Lonely",6,2016-10-07,"06/10/2016",11,"Female",91,"07/10/2016",0,0,"femalenonbreeder",17.1
"L20F005","Lonely 20","Lonely",7,2017-07-20,"20/07/2017",10,"Female",114,"07/10/2016",286,0.783025325,"femalenonbreeder",18.25
"L20F006","Lonely 20","Lonely",6,2016-10-07,"06/10/2016",11,"Female",127,"07/10/2016",0,0,"femalenonbreeder",18.5
"L20F011","Lonely 20","Lonely",7,2017-07-20,"20/07/2017",10,"Female",91,"20/07/2017",0,0,"femalenonbreeder",16.5
"L26F002","Lonely 26","Lonely",6,2016-10-06,"06/10/2016",10,"Female",86,"06/10/2016",0,0,"femalenonbreeder",16.55
"L26F002","Lonely 26","Lonely",7,2017-07-15,"13/07/2017",10,"Female",102,"06/10/2016",282,0.772073922,"femalenonbreeder",17.9
"L26F004","Lonely 28","Lonely",7,2017-07-13,"13/07/2017",1,"Female",104,"06/10/2016",280,0.76659822,"single",16.55
"L26F005","Lonely 26","Lonely",6,2016-10-07,"06/10/2016",10,"Female",89,"07/10/2016",0,0,"femalenonbreeder",16.35
"L26F008","Lonely 26","Lonely",6,2016-10-07,"06/10/2016",10,"Female",93,"07/10/2016",0,0,"femalenonbreeder",16.95
"L26F010","Lonely 26","Lonely",7,2017-07-16,"13/07/2017",10,"Female",89,"08/10/2016",281,0.769336071,"femalenonbreeder",16.75
"L27F001","Lonely 27","Lonely",7,2017-07-05,"04/07/2017",1,"Female",96,"05/07/2017",0,0,"single",17.55
"L40F012","Lonely 40","Lonely",6,2016-09-23,"22/09/2016",10,"Female",117,"23/09/2016",0,0,"femalenonbreeder",17.3
"L40F013","Lonely 40","Lonely",6,2016-09-23,"22/09/2016",10,"Female",107,"23/09/2016",0,0,"femalenonbreeder",17.8
"L40F013","Lonely 40","Lonely",7,2017-06-21,"21/06/2017",12,"Female",119,"23/09/2016",271,0.741957563,"femalenonbreeder",18.45
"L40F014","Lonely 40","Lonely",7,2017-06-21,"21/06/2017",12,"Female",87,"23/09/2016",271,0.741957563,"femalenonbreeder",16.7
"L41F001","Lonely 41","Lonely",2,2014-03-17,"17/03/2014",1,"Female",129,"17/03/2014",0,0,"single",18
"L45F001","Lonely 45","Lonely",2,2014-04-01,"31/03/2014",1,"Female",130,"01/04/2014",0,0,"single",19.3
"L45F001","Lonely 45","Lonely",3,2014-09-30,"30/09/2014",1,"Female",148,"01/04/2014",182,0.498288843,"single",19.75
"L45F001","Lonely 45","Lonely",5,2016-05-06,"05/05/2016",1,"Female",148,"01/04/2014",766,2.097193703,"single",20.1
"L45F001","Lonely 45","Lonely",7,2017-07-04,"04/07/2017",1,"Female",136,"01/04/2014",1190,3.258042437,"single",20.05
"L46F003","Lonely 46","Lonely",2,2014-04-01,"31/03/2014",7,"Female",100,"01/04/2014",0,0,"femalenonbreeder",16.9
"L46F006","Lonely 46","Lonely",2,2014-04-02,"31/03/2014",7,"Female",91,"02/04/2014",0,0,"femalenonbreeder",17.5
"L46F008","Lonely 46","Lonely",5,2016-03-01,"29/02/2016",10,"Female",108,"01/03/2016",0,0,"femalenonbreeder",18
"L46F009","Lonely 46","Lonely",5,2016-02-29,"29/02/2016",10,"Female",90,"29/02/2016",0,0,"femalenonbreeder",16.45
"L46F010","Lonely 46","Lonely",6,2016-09-17,"16/09/2016",10,"Female",93,"29/02/2016",201,0.550308008,"femalenonbreeder",16.5
"L46F010","Lonely 33","Lonely",7,2017-07-21,"20/07/2017",1,"Female",104,"29/02/2016",508,1.3908282,"single",17.5
"L46F011","Lonely 46","Lonely",6,2016-09-16,"16/09/2016",10,"Female",92,"01/03/2016",199,0.544832307,"femalenonbreeder",16.5
"L46F011","Lonely 46","Lonely",7,2017-06-27,"27/06/2017",12,"Female",103,"01/03/2016",483,1.32238193,"femalenonbreeder",18
"L46F012","Lonely 46","Lonely",6,2016-09-16,"16/09/2016",10,"Female",99,"01/03/2016",199,0.544832307,"femalenonbreeder",16.8
"L46F014","Lonely 46","Lonely",6,2016-09-16,"16/09/2016",10,"Female",111,"02/03/2016",198,0.542094456,"femalenonbreeder",17.75
"L46F015","Lonely 46","Lonely",5,2016-03-04,"29/02/2016",10,"Female",97,"04/03/2016",0,0,"femalenonbreeder",16.5
"L46F015","Lonely 65","Lonely",5,2016-05-05,"05/05/2016",1,"Female",89,"04/03/2016",62,0.169746749,"single",16.95
"L46F017","Lonely 46","Lonely",7,2017-06-27,"27/06/2017",12,"Female",85,"16/09/2016",284,0.777549624,"femalenonbreeder",16.35
"L46F023","Lonely 46","Lonely",7,2017-06-29,"27/06/2017",12,"Female",75,"29/06/2017",0,0,"femalenonbreeder",16.1
"L47F001","Lonely 47","Lonely",2,2014-06-26,"24/06/2014",1,"Female",151,"26/06/2014",0,0,"single",19.85
"L47F001","Lonely 47","Lonely",4,2015-03-13,"08/03/2015",1,"Female",173,"26/06/2014",260,0.711841205,"single",19.45
"L47F001","Lonely 47","Lonely",5,2016-05-06,"05/05/2016",1,"Female",165,"26/06/2014",680,1.861738535,"single",20
"L49F007","Lonely 49","Lonely",6,2016-09-17,"16/09/2016",10,"Female",96,"17/09/2016",0,0,"femalenonbreeder",17.3
"L54F001","Lonely 54","Lonely",3,2014-09-30,"30/09/2014",1,"Female",136,"30/09/2014",0,0,"single",19.75
"L54F001","Lonely 54","Lonely",4,2015-03-27,"26/03/2015",1,"Female",142,"30/09/2014",178,0.48733744,"single",18.9
"L54F001","Lonely 54","Lonely",5,2016-03-02,"02/03/2016",1,"Female",147,"30/09/2014",519,1.420944559,"single",19.1
"L62F001","Lonely 62","Lonely",6,2016-09-09,"09/09/2016",6,"Female",102,"09/02/2016",213,0.583162218,"femalenonbreeder",17.7
"L62F002","Lonely 62","Lonely",6,2016-09-09,"09/09/2016",6,"Female",95,"09/02/2016",213,0.583162218,"femalenonbreeder",16.3
"L62F002","Lonely 62","Lonely",7,2017-06-05,"05/06/2017",6,"Female",111,"09/02/2016",482,1.319644079,"femalenonbreeder",18.1
"L64F001","Lonely 64","Lonely",5,2016-05-02,"02/05/2016",1,"Female",129,"02/05/2016",0,0,"single",17.8
